CrossingID,SubmissionType,ReportBaseId,HwySys,HwyClassCD,HwyClassrdtpID,StHwy1,HwySpeed,HwySpeedps,LrsRouteid,LrsMilePost,Aadt,AadtYear,PctTruk,SchlBusChk,SchlBsCnt,HazmtVeh,EmrgncySrvc
515122E,Full Inventory Record,1000469,2,1,13,1,NULL,,,,012940,,03,2,0,,
515126G,Full Inventory Record,1000471,3,1,16,2,NULL,,,,010350,,06,2,0,,
515209V,Full Inventory Record,1000473,8,1,19,2,NULL,,,,000260,,06,2,0,,
143029T,Full Inventory Record,990735,8,1,19,2,NULL,,,,000125,,06,2,0,,
143028L,Full Inventory Record,990736,3,1,17,2,NULL,,,,005500,,04,2,0,,
143027E,Full Inventory Record,990737,,,,,NULL,,,,,,,2,0,,
143026X,Full Inventory Record,990738,,,,,NULL,,,,,,,2,0,,
143025R,Full Inventory Record,990739,,,,,NULL,,,,,,,2,0,,
143024J,Full Inventory Record,990740,,,,,NULL,,,,,,,2,0,,
143023C,Full Inventory Record,990741,,,,,NULL,,,,,,,2,0,,
143022V,Full Inventory Record,990742,,,,,NULL,,,,,,,2,0,,
089226K,Full Inventory Record,990750,,,,,NULL,,,,,,,2,0,,
089225D,Full Inventory Record,990751,,,,,NULL,,,,,,,2,0,,
534876T,Full Inventory Record,990764,2,0,16,1,NULL,,,,004000,1988,07,2,0,,
622703V,Full Inventory Record,990765,,,,,NULL,,,,,,,2,0,,
467477X,Full Inventory Record,990767,,,,,NULL,,,,,,,2,0,,
060307A,Full Inventory Record,990769,8,0,19,2,NULL,,,,000025,,04,2,0,,
095384Y,Full Inventory Record,990796,,,,,NULL,,,,,,,2,0,,
422930Y,Full Inventory Record,990797,3,1,19,2,NULL,,,,007900,,05,2,0,,
422929E,Full Inventory Record,990798,8,1,19,2,NULL,,,,000100,,20,2,0,,
787329L,Full Inventory Record,990799,,,,,NULL,,,,,,,2,0,,
787306E,Full Inventory Record,990800,8,0,19,2,NULL,,,,000005,,20,2,0,,
787251U,Full Inventory Record,990801,,,,,NULL,,,,,,,2,0,,
605106U,Full Inventory Record,990802,8,1,19,2,NULL,,,,000500,,05,2,0,,
347139U,Full Inventory Record,996178,8,0,19,2,NULL,,,,000048,,10,2,0,,
346906P,Full Inventory Record,996179,3,0,17,1,NULL,,,,009875,,25,2,0,,
346907W,Full Inventory Record,996180,,,,,NULL,,,,,,,2,0,,
346905H,Full Inventory Record,996181,8,0,19,1,NULL,,,,001507,,09,2,0,,
812374Y,Full Inventory Record,996274,,,,,NULL,,,,,,,2,0,,
813003S,Full Inventory Record,996290,8,0,19,2,NULL,,,,000001,,05,2,0,,
813175A,Full Inventory Record,996292,3,0,17,2,NULL,,,,001800,,14,2,0,,
813176G,Full Inventory Record,996294,,,,,NULL,,,,,,,2,0,,
813174T,Full Inventory Record,996295,,,,,NULL,,,,,,,2,0,,
813166B,Full Inventory Record,996296,,0,,,NULL,,,,,,,2,0,,
811619J,Full Inventory Record,996298,8,0,19,2,NULL,,,,000030,,25,2,0,,
811670G,Full Inventory Record,996301,8,1,19,2,NULL,,,,000100,,03,2,0,,
811660B,Full Inventory Record,996302,2,1,13,1,NULL,,,,014100,,06,2,0,,
811658A,Full Inventory Record,996303,8,1,19,2,NULL,,,,000300,,02,2,0,,
811659G,Full Inventory Record,996304,8,1,19,2,NULL,,,,000500,,06,2,0,,
811633E,Full Inventory Record,996308,,,,,NULL,,,,,,,2,0,,
518794V,Full Inventory Record,1000520,3,0,19,1,NULL,,,,000920,,00,2,0,,
518786D,Full Inventory Record,1000521,3,0,18,1,NULL,,,,002060,,05,2,0,,
518793N,Full Inventory Record,1000522,8,0,19,2,NULL,,,,000050,,06,2,0,,
518795C,Full Inventory Record,1000523,8,0,19,2,NULL,,,,000010,,06,2,0,,
518790T,Full Inventory Record,1000524,8,0,19,2,NULL,,,,000030,,06,2,0,,
518788S,Full Inventory Record,1000525,8,0,19,2,NULL,,,,001270,,06,2,0,,
518806M,Full Inventory Record,1000526,8,0,19,2,NULL,,,,000100,,06,2,0,,
518804Y,Full Inventory Record,1000527,8,0,19,2,NULL,,,,000040,,06,2,0,,
518809H,Full Inventory Record,1000528,8,0,19,2,NULL,,,,000030,,06,2,0,,
518808B,Full Inventory Record,1000529,8,0,19,2,NULL,,,,000090,,06,2,0,,
518810C,Full Inventory Record,1000530,8,0,19,2,NULL,,,,000050,,06,2,0,,
518801D,Full Inventory Record,1000531,8,0,19,2,NULL,,,,000120,,06,2,0,,
518818G,Full Inventory Record,1000532,8,0,19,2,NULL,,,,000130,,06,2,0,,
518820H,Full Inventory Record,1000533,8,0,19,2,NULL,,,,000150,,06,2,0,,
518815L,Full Inventory Record,1000534,8,0,19,2,NULL,,,,000070,,06,2,0,,
518812R,Full Inventory Record,1000535,8,0,19,2,NULL,,,,000150,,06,2,0,,
518813X,Full Inventory Record,1000536,8,0,19,2,NULL,,,,000100,,06,2,0,,
518824K,Full Inventory Record,1000537,8,1,19,2,NULL,,,,001760,,06,2,0,,
518823D,Full Inventory Record,1000538,8,1,19,2,NULL,,,,000490,,06,2,0,,
518819N,Full Inventory Record,1000539,8,0,19,2,NULL,,,,000050,,06,2,0,,
518821P,Full Inventory Record,1000540,2,1,13,1,NULL,,,,004110,,00,2,0,,
346910E,Full Inventory Record,996881,,,,,NULL,,,,,,,2,0,,
346913A,Full Inventory Record,996882,,,,,NULL,,,,,,,2,0,,
346911L,Full Inventory Record,996883,,,,,NULL,,,,,,,2,0,,
346912T,Full Inventory Record,996884,,,,,NULL,,,,,,,2,0,,
346918J,Full Inventory Record,996885,8,0,19,2,NULL,,,,000020,,20,2,0,,
346919R,Full Inventory Record,996886,8,0,19,2,NULL,,,,000060,,11,2,0,,
346917C,Full Inventory Record,996887,,,,,NULL,,,,,,,2,0,,
346921S,Full Inventory Record,996888,,,,,NULL,,,,,,,2,0,,
329482R,Full Inventory Record,996889,3,1,17,2,NULL,,,,005500,,02,2,0,,
103797S,Full Inventory Record,996891,3,1,16,2,NULL,,,,003400,,15,2,0,,
140903W,Full Inventory Record,996892,8,1,16,2,NULL,,,,013480,,06,2,0,,
298067G,Full Inventory Record,996899,8,0,19,1,NULL,,,,000225,,06,2,0,,
298070P,Full Inventory Record,996900,8,0,19,2,NULL,,,,000415,,05,2,0,,
298071W,Full Inventory Record,996901,,,,,NULL,,,,,,,2,0,,
298072D,Full Inventory Record,996902,2,0,13,1,NULL,,,,005600,,19,2,0,,
298069V,Full Inventory Record,996903,8,0,19,1,NULL,,,,000775,,05,2,0,,
298068N,Full Inventory Record,996904,,,,,NULL,,,,,,,2,0,,
298073K,Full Inventory Record,996906,3,0,18,1,NULL,,,,000795,,07,2,0,,
298117H,Full Inventory Record,996911,,,,,NULL,,,,,,,2,0,,
812509C,Full Inventory Record,996922,,,,,NULL,,,,,,,2,0,,
812518B,Full Inventory Record,996931,,,,,NULL,,,,,,,2,0,,
812535S,Full Inventory Record,996935,,,,,NULL,,,,,,,2,0,,
812541V,Full Inventory Record,996936,,,,,NULL,,,,,,,2,0,,
812452D,Full Inventory Record,996941,,,,,NULL,,,,,,,2,0,,
812416H,Full Inventory Record,996943,8,0,19,2,NULL,,,,000010,,08,2,0,,
635653G,Full Inventory Record,997138,,,,,NULL,,,,,1970,,2,0,,
635652A,Full Inventory Record,997139,,,,,NULL,,,,,1978,,2,0,,
635665B,Full Inventory Record,997145,,,,,NULL,,,,,1970,,2,0,,
635650L,Full Inventory Record,997156,8,0,19,2,NULL,,,,000291,1988,04,2,0,,
635651T,Full Inventory Record,997157,,,,,NULL,,,,,1978,,2,0,,
635649S,Full Inventory Record,997158,8,0,19,2,NULL,,,,000200,1978,04,2,0,,
635647D,Full Inventory Record,997159,8,0,19,2,NULL,,,,000090,1988,02,2,0,,
635648K,Full Inventory Record,997160,8,0,19,2,NULL,,,,000075,1978,04,2,0,,
635235R,Full Inventory Record,997228,,,,,NULL,,,,,1970,,2,0,,
635405H,Full Inventory Record,997275,8,0,19,2,NULL,,,,000015,1977,07,2,0,,
635498E,Full Inventory Record,997316,,,,,NULL,,,,,1970,,2,0,,
635523K,Full Inventory Record,997343,,,,,NULL,,,,,1970,,2,0,,
262466R,Full Inventory Record,1001147,3,0,18,1,NULL,,,,001100,,02,2,0,,
262533H,Full Inventory Record,1001148,8,1,17,2,NULL,,,,000490,,06,2,0,,
262529T,Full Inventory Record,1001149,8,1,17,2,NULL,,,,001130,,06,2,0,,
262526X,Full Inventory Record,1001150,8,1,19,2,NULL,,,,000350,,06,2,0,,
262524J,Full Inventory Record,1001151,8,1,19,2,NULL,,,,002600,,06,2,0,,
262525R,Full Inventory Record,1001152,8,1,17,2,NULL,,,,002600,,06,2,0,,
262487J,Full Inventory Record,1001153,8,0,18,2,NULL,,,,000440,,06,2,0,,
262486C,Full Inventory Record,1001154,8,0,19,2,NULL,,,,000080,,06,2,0,,
262485V,Full Inventory Record,1001155,8,0,19,2,NULL,,,,000090,,06,2,0,,
262484N,Full Inventory Record,1001156,8,0,18,2,NULL,,,,000660,,06,2,0,,
262480L,Full Inventory Record,1001157,8,0,19,2,NULL,,,,000300,,06,2,0,,
262481T,Full Inventory Record,1001158,8,0,19,2,NULL,,,,000110,,06,2,0,,
262483G,Full Inventory Record,1001159,8,0,19,2,NULL,,,,000180,,06,2,0,,
262482A,Full Inventory Record,1001160,3,0,17,1,NULL,,,,001900,,08,2,0,,
262574M,Full Inventory Record,1001161,3,0,18,2,NULL,,,,001410,,06,2,0,,
262398S,Full Inventory Record,1001162,8,1,19,2,NULL,,,,000440,,06,2,0,,
262393H,Full Inventory Record,1001163,8,1,16,2,NULL,,,,003560,,06,2,0,,
262392B,Full Inventory Record,1001165,8,1,19,2,NULL,,,,000950,,06,2,0,,
262332S,Full Inventory Record,1001166,8,1,19,2,NULL,,,,000690,,06,2,0,,
262335M,Full Inventory Record,1001167,8,1,19,2,NULL,,,,000240,,06,2,0,,
262337B,Full Inventory Record,1001168,8,1,19,2,NULL,,,,000210,,06,2,0,,
262336U,Full Inventory Record,1001169,8,1,19,2,NULL,,,,001560,,06,2,0,,
262302A,Full Inventory Record,1001170,8,0,19,2,NULL,,,,000310,,06,2,0,,
262304N,Full Inventory Record,1001171,8,0,18,1,NULL,,,,000590,,05,2,0,,
262303G,Full Inventory Record,1001172,3,0,18,1,NULL,,,,001850,,05,2,0,,
262306C,Full Inventory Record,1001173,3,0,18,2,NULL,,,,000520,,06,2,0,,
262309X,Full Inventory Record,1001174,8,0,19,2,NULL,,,,000030,,06,2,0,,
262319D,Full Inventory Record,1001175,8,0,19,2,NULL,,,,000840,,06,2,0,,
262318W,Full Inventory Record,1001176,8,0,19,2,NULL,,,,000400,,06,2,0,,
262317P,Full Inventory Record,1001177,8,0,19,2,NULL,,,,000150,,06,2,0,,
262314U,Full Inventory Record,1001178,8,0,19,2,NULL,,,,000100,,06,2,0,,
262313M,Full Inventory Record,1001179,8,0,19,2,NULL,,,,000120,,06,2,0,,
262312F,Full Inventory Record,1001180,8,0,19,2,NULL,,,,000120,,06,2,0,,
262324A,Full Inventory Record,1001181,8,0,19,2,NULL,,,,000570,,06,2,0,,
262322L,Full Inventory Record,1001182,3,0,18,1,NULL,,,,003290,,08,2,0,,
262323T,Full Inventory Record,1001183,8,0,19,2,NULL,,,,000120,,06,2,0,,
262316H,Full Inventory Record,1001184,8,0,19,2,NULL,,,,000100,,06,2,0,,
262328C,Full Inventory Record,1001185,3,0,13,1,NULL,,,,007800,,09,2,0,,
262321E,Full Inventory Record,1001186,8,0,19,2,NULL,,,,000060,,06,2,0,,
262325G,Full Inventory Record,1001187,8,0,19,2,NULL,,,,000010,,06,2,0,,
262173M,Full Inventory Record,1001188,2,1,13,1,NULL,,,,005720,,06,2,0,,
262178W,Full Inventory Record,1001189,3,0,17,1,NULL,,,,001790,,05,2,0,,
262179D,Full Inventory Record,1001190,8,0,19,2,NULL,,,,000190,,06,2,0,,
262112W,Full Inventory Record,1001191,8,0,19,2,NULL,,,,000380,,06,2,0,,
262110H,Full Inventory Record,1001192,3,0,17,1,NULL,,,,003030,,05,2,0,,
262107A,Full Inventory Record,1001193,8,0,19,2,NULL,,,,000200,,06,2,0,,
262108G,Full Inventory Record,1001194,3,0,18,1,NULL,,,,004090,,05,2,0,,
262104E,Full Inventory Record,1001195,8,0,19,2,NULL,,,,000100,,06,2,0,,
262109N,Full Inventory Record,1001196,8,0,19,2,NULL,,,,001140,,06,2,0,,
262029V,Full Inventory Record,1001197,8,0,19,2,NULL,,,,000430,,06,2,0,,
262033K,Full Inventory Record,1001198,8,0,18,2,NULL,,,,000210,,06,2,0,,
262036F,Full Inventory Record,1001199,3,1,16,2,NULL,,,,004630,,06,2,0,,
262035Y,Full Inventory Record,1001200,3,1,16,1,NULL,,,,007370,,04,2,0,,
262034S,Full Inventory Record,1001201,3,1,16,2,NULL,,,,003890,,06,2,0,,
262086J,Full Inventory Record,1001204,2,1,13,1,NULL,,,,003970,,03,2,0,,
262089E,Full Inventory Record,1001205,8,1,17,2,NULL,,,,002480,,06,2,0,,
262090Y,Full Inventory Record,1001206,3,1,19,2,NULL,,,,001450,,06,2,0,,
262091F,Full Inventory Record,1001207,3,0,17,1,NULL,,,,003720,,05,2,0,,
262092M,Full Inventory Record,1001208,3,0,18,1,NULL,,,,000510,,12,2,0,,
262093U,Full Inventory Record,1001209,3,0,17,1,NULL,,,,002470,,05,2,0,,
262100C,Full Inventory Record,1001210,8,0,19,2,NULL,,,,000090,,06,2,0,,
262098D,Full Inventory Record,1001211,8,0,19,2,NULL,,,,000030,,06,2,0,,
262094B,Full Inventory Record,1001212,8,0,19,2,NULL,,,,000300,,06,2,0,,
262095H,Full Inventory Record,1001213,8,0,19,2,NULL,,,,000390,,06,2,0,,
262096P,Full Inventory Record,1001214,3,0,18,1,NULL,,,,002090,,04,2,0,,
262099K,Full Inventory Record,1001215,8,0,19,2,NULL,,,,000040,,06,2,0,,
262101J,Full Inventory Record,1001216,8,0,19,2,NULL,,,,000090,,06,2,0,,
262088X,Full Inventory Record,1001217,3,1,17,2,NULL,,,,004500,,06,2,0,,
262102R,Full Inventory Record,1001218,8,0,19,2,NULL,,,,000050,,06,2,0,,
262103X,Full Inventory Record,1001219,8,0,19,2,NULL,,,,000090,,06,2,0,,
262105L,Full Inventory Record,1001220,8,0,18,2,NULL,,,,000350,,06,2,0,,
262106T,Full Inventory Record,1001221,8,0,19,2,NULL,,,,000160,,06,2,0,,
258610Y,Full Inventory Record,1001223,8,1,19,2,NULL,,,,000060,,06,2,0,,
265050L,Full Inventory Record,1001224,3,0,18,2,NULL,,,,000220,,06,2,0,,
265051T,Full Inventory Record,1001225,8,0,19,2,NULL,,,,000280,,06,2,0,,
265067P,Full Inventory Record,1001226,8,1,16,2,NULL,,,,000910,,06,2,0,,
265058R,Full Inventory Record,1001227,2,0,16,1,NULL,,,,006060,,08,2,0,,
265057J,Full Inventory Record,1001228,3,0,17,2,NULL,,,,000680,,06,2,0,,
141899M,Full Inventory Record,1001230,3,0,18,1,NULL,,,,001550,,07,2,0,,
141901L,Full Inventory Record,1001232,3,0,18,2,NULL,,,,000890,,06,2,0,,
141891H,Full Inventory Record,1001233,8,1,16,2,NULL,,,,003800,,06,2,0,,
141890B,Full Inventory Record,1001234,8,0,19,2,NULL,,,,001040,,06,2,0,,
141852S,Full Inventory Record,1001236,2,0,16,1,NULL,,,,006276,,03,2,0,,
141850D,Full Inventory Record,1001237,2,0,16,1,NULL,,,,008820,,13,2,0,,
141853Y,Full Inventory Record,1001238,2,0,16,1,NULL,,,,010210,,08,2,0,,
141841E,Full Inventory Record,1001239,2,0,16,1,NULL,,,,003120,,08,2,0,,
141844A,Full Inventory Record,1001240,8,0,19,2,NULL,,,,000810,,06,2,0,,
141856U,Full Inventory Record,1001241,8,0,19,2,NULL,,,,000680,,06,2,0,,
141857B,Full Inventory Record,1001242,8,0,19,2,NULL,,,,000360,,06,2,0,,
141854F,Full Inventory Record,1001243,8,0,19,2,NULL,,,,002010,,06,2,0,,
141858H,Full Inventory Record,1001244,8,0,18,2,NULL,,,,002490,,06,2,0,,
141859P,Full Inventory Record,1001245,8,0,18,2,NULL,,,,001100,,06,2,0,,
141855M,Full Inventory Record,1001246,8,0,19,2,NULL,,,,000240,,06,2,0,,
141872D,Full Inventory Record,1001247,8,1,19,2,NULL,,,,004310,,06,2,0,,
141869V,Full Inventory Record,1001248,8,1,19,2,NULL,,,,006330,,06,2,0,,
141851K,Full Inventory Record,1001249,8,0,19,2,NULL,,,,003340,,06,2,0,,
141866A,Full Inventory Record,1001250,8,0,19,2,NULL,,,,000120,,06,2,0,,
141805J,Full Inventory Record,1001251,8,0,19,2,NULL,,,,000110,,06,2,0,,
141802N,Full Inventory Record,1001252,8,0,19,2,NULL,,,,000150,,06,2,0,,
141811M,Full Inventory Record,1001253,3,0,18,1,NULL,,,,001000,,08,2,0,,
141808E,Full Inventory Record,1001254,8,0,19,2,NULL,,,,000080,,06,2,0,,
141806R,Full Inventory Record,1001255,8,0,19,2,NULL,,,,000200,,06,2,0,,
141807X,Full Inventory Record,1001256,8,0,19,2,NULL,,,,000100,,06,2,0,,
141820L,Full Inventory Record,1001257,8,0,19,2,NULL,,,,000040,,06,2,0,,
141819S,Full Inventory Record,1001258,8,0,19,2,NULL,,,,000010,,06,2,0,,
141813B,Full Inventory Record,1001259,2,0,16,1,NULL,,,,002260,,06,2,0,,
141818K,Full Inventory Record,1001260,8,0,19,2,NULL,,,,000080,,06,2,0,,
141816W,Full Inventory Record,1001261,8,0,19,2,NULL,,,,000730,,06,2,0,,
141815P,Full Inventory Record,1001262,8,0,19,2,NULL,,,,000480,,06,2,0,,
141814H,Full Inventory Record,1001263,8,0,19,2,NULL,,,,000240,,06,2,0,,
141833M,Full Inventory Record,1001264,3,0,19,2,NULL,,,,000360,,06,2,0,,
141834U,Full Inventory Record,1001265,8,0,19,2,NULL,,,,000050,,06,2,0,,
141839D,Full Inventory Record,1001266,3,0,17,1,NULL,,,,002430,,05,2,0,,
141842L,Full Inventory Record,1001267,8,0,19,2,NULL,,,,000170,,06,2,0,,
141830S,Full Inventory Record,1001268,3,0,17,1,NULL,,,,008000,,05,2,0,,
141829X,Full Inventory Record,1001269,3,0,18,1,NULL,,,,006750,,04,2,0,,
141828R,Full Inventory Record,1001270,8,0,19,2,NULL,,,,001040,,06,2,0,,
141821T,Full Inventory Record,1001271,8,0,19,2,NULL,,,,000170,,06,2,0,,
141825V,Full Inventory Record,1001272,3,0,17,1,NULL,,,,001830,,06,2,0,,
141824N,Full Inventory Record,1001273,8,0,19,2,NULL,,,,000100,,06,2,0,,
141789C,Full Inventory Record,1001275,8,1,19,2,NULL,,,,002820,,06,2,0,,
141794Y,Full Inventory Record,1001276,8,1,19,2,NULL,,,,003380,,06,2,0,,
141795F,Full Inventory Record,1001277,8,1,16,1,NULL,,,,002560,,04,2,0,,
141792K,Full Inventory Record,1001278,8,0,19,2,NULL,,,,000470,,06,2,0,,
141798B,Full Inventory Record,1001279,8,0,19,2,NULL,,,,000480,,06,2,0,,
061304H,Full Inventory Record,1001337,8,1,19,2,NULL,,,,000540,,05,2,0,,
061305P,Full Inventory Record,1001338,8,1,19,2,NULL,,,,005200,,05,2,0,,
061306W,Full Inventory Record,1001339,8,1,19,2,NULL,,,,000100,,05,2,0,,
061302U,Full Inventory Record,1001340,8,1,19,2,NULL,,,,000100,,05,2,0,,
061300F,Full Inventory Record,1001341,8,1,16,2,NULL,,,,012800,,05,2,0,,
082580T,Full Inventory Record,1001358,8,1,17,2,NULL,,,,009900,,05,2,0,,
082577K,Full Inventory Record,1001359,8,1,19,2,NULL,,,,000100,,05,2,0,,
075113N,Full Inventory Record,1001362,3,1,17,2,NULL,,,,003528,,10,2,0,,
844080C,Full Inventory Record,1001368,8,0,19,2,NULL,,,,000150,,04,2,0,,
633780B,Full Inventory Record,1001370,,,,,NULL,,,,,,,2,0,,
080075S,Full Inventory Record,1001375,,,,,NULL,,,,,,,2,0,,
081019N,Full Inventory Record,1001377,,,,,NULL,,,,,,,2,0,,
081015L,Full Inventory Record,1001378,,,,,NULL,,,,,,,2,0,,
081013X,Full Inventory Record,1001379,,,,,NULL,,,,,,,2,0,,
086469C,Full Inventory Record,1001381,,,,,NULL,,,,,,,2,0,,
103790U,Full Inventory Record,1001382,8,1,19,2,NULL,,,,000630,,10,2,0,,
076169L,Full Inventory Record,1001383,,,,,NULL,,,,,,,2,0,,
076168E,Full Inventory Record,1001384,,,,,NULL,,,,,,,2,0,,
076150U,Full Inventory Record,1001385,,,,,NULL,,,,,,,2,0,,
076146E,Full Inventory Record,1001386,8,0,19,2,NULL,,,,000037,,10,2,0,,
076282E,Full Inventory Record,1001407,,,,,NULL,,,,,,,2,0,,
067263B,Full Inventory Record,1001408,8,1,19,2,NULL,,,,000700,,05,2,0,,
067266W,Full Inventory Record,1001409,,,,,NULL,,,,,,,2,0,,
062846V,Full Inventory Record,1001426,,,,,NULL,,,,,,,2,0,,
062892W,Full Inventory Record,1001427,,,,,NULL,,,,,,,2,0,,
062907J,Full Inventory Record,1001428,,,,,NULL,,,,,,,2,0,,
062908R,Full Inventory Record,1001429,,,,,NULL,,,,,,,2,0,,
062875F,Full Inventory Record,1001430,,,,,NULL,,,,,,,2,0,,
062780X,Full Inventory Record,1001431,8,0,19,2,NULL,,,,003950,,05,2,0,,
062776H,Full Inventory Record,1001432,2,0,13,1,NULL,,,,002600,,05,2,0,,
062774U,Full Inventory Record,1001433,8,0,19,2,NULL,,,,004600,,05,2,0,,
062771Y,Full Inventory Record,1001434,,,,,NULL,,,,,,,2,0,,
062762A,Full Inventory Record,1001435,,,,,NULL,,,,,,,2,0,,
062764N,Full Inventory Record,1001436,,,,,NULL,,,,,,,2,0,,
062761T,Full Inventory Record,1001437,3,0,17,2,NULL,,,,001550,,05,2,0,,
062756W,Full Inventory Record,1001438,,,,,NULL,,,,,,,2,0,,
062755P,Full Inventory Record,1001439,,,,,NULL,,,,,,,2,0,,
062757D,Full Inventory Record,1001440,8,0,19,2,NULL,,,,001250,,05,2,0,,
813659N,Full Inventory Record,1001443,8,0,19,2,NULL,,,,000040,,03,2,0,,
413603P,Full Inventory Record,1001452,8,0,19,2,NULL,,,,000200,1988,06,2,0,,
797584X,Full Inventory Record,1001456,,,,,NULL,,,,,1970,,2,0,,
797585E,Full Inventory Record,1001457,,,,,NULL,,,,000000,1988,,2,0,,
797582J,Full Inventory Record,1001458,8,0,19,2,NULL,,,,000030,1988,04,2,0,,
797574S,Full Inventory Record,1001459,8,0,19,2,NULL,,,,000100,1988,04,2,0,,
797576F,Full Inventory Record,1001460,8,0,19,2,NULL,,,,000020,1988,04,2,0,,
797575Y,Full Inventory Record,1001461,8,0,19,2,NULL,,,,000030,1988,04,2,0,,
797569V,Full Inventory Record,1001462,,,,,NULL,,,,,1970,,2,0,,
797572D,Full Inventory Record,1001463,,,,,NULL,,,,,1970,,2,0,,
797573K,Full Inventory Record,1001464,,,,,NULL,,,,,1970,,2,0,,
797580V,Full Inventory Record,1001465,8,0,18,2,NULL,,,,000020,1988,04,2,0,,
797579B,Full Inventory Record,1001466,,,,,NULL,,,,,1970,,2,0,,
797578U,Full Inventory Record,1001467,8,0,19,2,NULL,,,,000020,1988,04,2,0,,
797577M,Full Inventory Record,1001468,,,,,NULL,,,,,1970,,2,0,,
797581C,Full Inventory Record,1001469,,,,,NULL,,,,,1970,,2,0,,
797541E,Full Inventory Record,1001470,,,,,NULL,,,,,1970,,2,0,,
797542L,Full Inventory Record,1001471,,,,,NULL,,,,,1970,,2,0,,
797539D,Full Inventory Record,1001472,,,,,NULL,,,,,1970,,2,0,,
797540X,Full Inventory Record,1001473,,,,,NULL,,,,,1970,,2,0,,
797538W,Full Inventory Record,1001474,8,0,19,2,NULL,,,,000020,1988,04,2,0,,
797537P,Full Inventory Record,1001475,8,0,19,2,NULL,,,,000020,1988,04,2,0,,
797550D,Full Inventory Record,1001476,8,0,19,2,NULL,,,,000020,1988,04,2,0,,
797552S,Full Inventory Record,1001477,8,0,19,2,NULL,,,,000050,1988,04,2,0,,
797553Y,Full Inventory Record,1001478,8,0,19,2,NULL,,,,000030,1988,04,2,0,,
797548C,Full Inventory Record,1001479,8,0,19,2,NULL,,,,000030,1988,04,2,0,,
797549J,Full Inventory Record,1001480,,,,,NULL,,,,,1970,,2,0,,
797543T,Full Inventory Record,1001481,,,,,NULL,,,,,1970,,2,0,,
797545G,Full Inventory Record,1001482,,,,,NULL,,,,,1988,,2,0,,
797547V,Full Inventory Record,1001483,8,0,19,2,NULL,,,,000050,1988,04,2,0,,
797544A,Full Inventory Record,1001484,2,0,13,1,NULL,,,,002500,1988,06,2,0,,
518827F,Full Inventory Record,1000541,2,1,19,1,NULL,,,,011100,,00,2,0,,
518828M,Full Inventory Record,1000542,3,1,13,1,NULL,,,,005520,,00,2,0,,
518418N,Full Inventory Record,1000543,8,1,19,2,NULL,,,,000050,,06,2,0,,
518659C,Full Inventory Record,1000544,8,0,19,2,NULL,,,,000080,,06,2,0,,
518661D,Full Inventory Record,1000545,3,0,17,2,NULL,,,,000820,,06,2,0,,
533814S,Full Inventory Record,1000546,8,0,19,2,NULL,,,,000200,,06,2,0,,
533816F,Full Inventory Record,1000547,8,0,19,2,NULL,,,,000170,,06,2,0,,
533820V,Full Inventory Record,1000548,8,0,19,2,NULL,,,,000320,,06,2,0,,
533830B,Full Inventory Record,1000549,8,0,19,2,NULL,,,,000080,,06,2,0,,
533829G,Full Inventory Record,1000550,8,0,17,1,NULL,,,,001130,,05,2,0,,
533834D,Full Inventory Record,1000551,3,0,17,1,NULL,,,,001860,,05,2,0,,
533837Y,Full Inventory Record,1000552,8,0,18,2,NULL,,,,001300,,06,2,0,,
533821C,Full Inventory Record,1000553,8,0,19,2,NULL,,,,000090,,06,2,0,,
533819B,Full Inventory Record,1000554,3,0,19,2,NULL,,,,001580,,06,2,0,,
533822J,Full Inventory Record,1000555,8,0,19,2,NULL,,,,000330,,06,2,0,,
533827T,Full Inventory Record,1000556,8,0,19,2,NULL,,,,000060,,06,2,0,,
533828A,Full Inventory Record,1000557,8,0,19,2,NULL,,,,000210,,06,2,0,,
533826L,Full Inventory Record,1000558,8,0,19,2,NULL,,,,000670,,06,2,0,,
533849T,Full Inventory Record,1000559,8,0,19,2,NULL,,,,000770,,06,2,0,,
533848L,Full Inventory Record,1000560,8,0,19,2,NULL,,,,000990,,06,2,0,,
533841N,Full Inventory Record,1000561,8,0,19,2,NULL,,,,000120,,06,2,0,,
533840G,Full Inventory Record,1000562,8,0,19,2,NULL,,,,000210,,06,2,0,,
532716X,Full Inventory Record,1000563,8,1,19,2,NULL,,,,000940,,06,2,0,,
527463G,Full Inventory Record,1000564,8,0,19,2,NULL,,,,000100,,06,2,0,,
527462A,Full Inventory Record,1000565,8,0,19,2,NULL,,,,000130,,06,2,0,,
527461T,Full Inventory Record,1000566,8,0,19,2,NULL,,,,000080,,06,2,0,,
527460L,Full Inventory Record,1000567,8,0,19,2,NULL,,,,000020,,06,2,0,,
527459S,Full Inventory Record,1000568,8,0,19,2,NULL,,,,000050,,06,2,0,,
527456W,Full Inventory Record,1000569,8,0,18,2,NULL,,,,000340,,06,2,0,,
527448E,Full Inventory Record,1000570,8,0,19,2,NULL,,,,000080,,06,2,0,,
527392M,Full Inventory Record,1000571,8,0,19,2,NULL,,,,001080,,06,2,0,,
527393U,Full Inventory Record,1000572,8,0,19,2,NULL,,,,000150,,06,2,0,,
527391F,Full Inventory Record,1000573,8,0,19,2,NULL,,,,000470,,06,2,0,,
527394B,Full Inventory Record,1000574,3,0,17,1,NULL,,,,001100,,06,2,0,,
527296K,Full Inventory Record,1000575,8,0,19,2,NULL,,,,000340,,06,2,0,,
527301E,Full Inventory Record,1000576,8,0,19,2,NULL,,,,000200,,06,2,0,,
527298Y,Full Inventory Record,1000577,8,0,19,2,NULL,,,,000050,,06,2,0,,
527305G,Full Inventory Record,1000578,8,0,19,2,NULL,,,,000110,,06,2,0,,
527306N,Full Inventory Record,1000579,8,0,19,2,NULL,,,,000030,,06,2,0,,
527303T,Full Inventory Record,1000580,3,0,19,2,NULL,,,,000520,,06,2,0,,
527308C,Full Inventory Record,1000581,2,0,16,1,NULL,,,,008700,,05,2,0,,
527311K,Full Inventory Record,1000582,8,0,19,2,NULL,,,,000050,,06,2,0,,
527310D,Full Inventory Record,1000583,8,0,19,2,NULL,,,,000410,,06,2,0,,
527335Y,Full Inventory Record,1000584,8,0,19,2,NULL,,,,000270,,06,2,0,,
527326A,Full Inventory Record,1000585,3,0,18,2,NULL,,,,000340,,06,2,0,,
527318H,Full Inventory Record,1000586,8,0,19,2,NULL,,,,000190,,06,2,0,,
527314F,Full Inventory Record,1000587,3,0,18,1,NULL,,,,002800,,09,2,0,,
527321R,Full Inventory Record,1000588,8,0,19,2,NULL,,,,000290,,06,2,0,,
527319P,Full Inventory Record,1000589,8,0,19,2,NULL,,,,000090,,06,2,0,,
527317B,Full Inventory Record,1000590,8,0,19,2,NULL,,,,000120,,06,2,0,,
527316U,Full Inventory Record,1000591,3,0,18,2,NULL,,,,001030,,06,2,0,,
527342J,Full Inventory Record,1000592,8,0,19,2,NULL,,,,000320,,06,2,0,,
527341C,Full Inventory Record,1000593,8,0,19,2,NULL,,,,000020,,06,2,0,,
527339B,Full Inventory Record,1000594,8,0,19,2,NULL,,,,000150,,06,2,0,,
527338U,Full Inventory Record,1000595,3,0,17,1,NULL,,,,002520,,05,2,0,,
527336F,Full Inventory Record,1000596,8,0,19,2,NULL,,,,000570,,06,2,0,,
527857W,Full Inventory Record,1000597,8,0,19,2,NULL,,,,000060,,06,2,0,,
797562X,Full Inventory Record,1001485,8,0,19,2,NULL,,,,000100,1988,04,2,0,,
797560J,Full Inventory Record,1001486,,,,,NULL,,,,,1970,,2,0,,
797559P,Full Inventory Record,1001487,8,0,19,2,NULL,,,,000030,1988,04,2,0,,
797561R,Full Inventory Record,1001488,2,0,13,1,NULL,,,,001100,1988,08,2,0,,
797557B,Full Inventory Record,1001489,8,0,17,2,NULL,,,,000030,1988,04,2,0,,
797558H,Full Inventory Record,1001490,,,,,NULL,,,,,1970,,2,0,,
797554F,Full Inventory Record,1001491,8,0,19,2,NULL,,,,000020,1988,04,2,0,,
797556U,Full Inventory Record,1001492,8,0,19,2,NULL,,,,000020,1988,04,2,0,,
797563E,Full Inventory Record,1001493,8,0,19,2,NULL,,,,000200,1988,04,2,0,,
797564L,Full Inventory Record,1001494,8,0,19,2,NULL,,,,000020,1988,04,2,0,,
797566A,Full Inventory Record,1001495,8,0,19,2,NULL,,,,000030,1988,04,2,0,,
797565T,Full Inventory Record,1001496,,,,,NULL,,,,,1970,,2,0,,
797567G,Full Inventory Record,1001497,,,,,NULL,,,,,1970,,2,0,,
797568N,Full Inventory Record,1001498,8,0,19,2,NULL,,,,000030,1988,04,2,0,,
797432B,Full Inventory Record,1001499,,,,,NULL,,,,,1970,,2,0,,
797437K,Full Inventory Record,1001500,3,0,16,1,NULL,,,,003300,1988,06,2,0,,
797436D,Full Inventory Record,1001501,8,0,19,2,NULL,,,,003000,1988,05,2,0,,
797435W,Full Inventory Record,1001502,8,0,19,2,NULL,,,,000200,1988,04,2,0,,
797433H,Full Inventory Record,1001503,,,,,NULL,,,,,1988,,2,0,,
797434P,Full Inventory Record,1001504,,,,,NULL,,,,,1970,,2,0,,
797438S,Full Inventory Record,1001505,3,1,16,2,NULL,,,,001300,1988,05,2,0,,
797439Y,Full Inventory Record,1001506,8,0,19,2,NULL,,,,001000,1988,06,2,0,,
797471S,Full Inventory Record,1001507,,,,,NULL,,,,,1970,,2,0,,
797470K,Full Inventory Record,1001508,,,,,NULL,,,,,1970,,2,0,,
797469R,Full Inventory Record,1001509,,,,,NULL,,,,,1970,,2,0,,
797467C,Full Inventory Record,1001510,8,0,19,2,NULL,,,,000020,1988,04,2,0,,
797466V,Full Inventory Record,1001511,8,0,19,2,NULL,,,,000020,1988,04,2,0,,
797440T,Full Inventory Record,1001512,,,,,NULL,,,,,1970,,2,0,,
797464G,Full Inventory Record,1001513,8,0,19,2,NULL,,,,000020,1988,04,2,0,,
797465N,Full Inventory Record,1001514,8,0,19,2,NULL,,,,000020,1988,04,2,0,,
797512U,Full Inventory Record,1001515,,,,,NULL,,,,,1970,,2,0,,
797507X,Full Inventory Record,1001516,8,0,19,2,NULL,,,,000030,1988,04,2,0,,
797505J,Full Inventory Record,1001517,,,,,NULL,,,,,1970,,2,0,,
797508E,Full Inventory Record,1001518,8,0,19,2,NULL,,,,000020,1988,04,2,0,,
797504C,Full Inventory Record,1001519,8,0,19,2,NULL,,,,000050,1988,04,2,0,,
797503V,Full Inventory Record,1001520,2,0,13,1,NULL,,,,001400,1988,08,2,0,,
797509L,Full Inventory Record,1001521,8,0,19,2,NULL,,,,000020,1988,04,2,0,,
797511M,Full Inventory Record,1001522,8,0,19,2,NULL,,,,000050,1988,04,2,0,,
797510F,Full Inventory Record,1001523,8,0,19,2,NULL,,,,000020,1988,04,2,0,,
797496M,Full Inventory Record,1001524,8,0,19,2,NULL,,,,000050,1988,04,2,0,,
797495F,Full Inventory Record,1001525,,,,,NULL,,,,,1970,,2,0,,
797492K,Full Inventory Record,1001526,8,0,19,2,NULL,,,,000040,1988,04,2,0,,
797493S,Full Inventory Record,1001527,,,,,NULL,,,,,1970,,2,0,,
797494Y,Full Inventory Record,1001528,,,,,NULL,,,,,1970,,2,0,,
797502N,Full Inventory Record,1001529,,,,,NULL,,,,,1970,,2,0,,
797501G,Full Inventory Record,1001530,8,0,19,2,NULL,,,,000200,1988,04,2,0,,
797500A,Full Inventory Record,1001531,8,0,19,2,NULL,,,,000300,1988,04,2,0,,
797499H,Full Inventory Record,1001532,,,,,NULL,,,,,1970,,2,0,,
797497U,Full Inventory Record,1001533,,,,,NULL,,,,,1970,,2,0,,
797498B,Full Inventory Record,1001534,,,,,NULL,,,,,1970,,2,0,,
797486G,Full Inventory Record,1001535,8,0,19,2,NULL,,,,000020,1988,04,2,0,,
797483L,Full Inventory Record,1001536,,,,,NULL,,,,,1970,,2,0,,
797484T,Full Inventory Record,1001537,,,,,NULL,,,,,1970,,2,0,,
797485A,Full Inventory Record,1001538,,,,,NULL,,,,,1970,,2,0,,
797487N,Full Inventory Record,1001539,,,,,NULL,,,,,1970,,2,0,,
797488V,Full Inventory Record,1001540,,,,,NULL,,,,,1970,,2,0,,
797490W,Full Inventory Record,1001541,,,,,NULL,,,,,1970,,2,0,,
527855H,Full Inventory Record,1000598,8,0,19,2,NULL,,,,000220,,06,2,0,,
527856P,Full Inventory Record,1000599,8,0,19,2,NULL,,,,000100,,06,2,0,,
527852M,Full Inventory Record,1000600,8,0,19,2,NULL,,,,000080,,06,2,0,,
527853U,Full Inventory Record,1000601,3,0,19,2,NULL,,,,000200,,06,2,0,,
527822V,Full Inventory Record,1000602,8,0,19,2,NULL,,,,000190,,06,2,0,,
527823C,Full Inventory Record,1000603,3,0,19,2,NULL,,,,000270,,06,2,0,,
527829T,Full Inventory Record,1000604,8,0,19,2,NULL,,,,000380,,06,2,0,,
527833H,Full Inventory Record,1000605,8,0,19,2,NULL,,,,000350,,06,2,0,,
527831U,Full Inventory Record,1000606,8,0,19,2,NULL,,,,000160,,06,2,0,,
527830M,Full Inventory Record,1000607,8,0,19,2,NULL,,,,000310,,06,2,0,,
527703L,Full Inventory Record,1000609,3,0,17,1,NULL,,,,001690,,01,2,0,,
527704T,Full Inventory Record,1000610,8,0,19,2,NULL,,,,000320,,06,2,0,,
527702E,Full Inventory Record,1000611,3,0,19,2,NULL,,,,000110,,06,2,0,,
527701X,Full Inventory Record,1000612,8,0,19,2,NULL,,,,000200,,06,2,0,,
527700R,Full Inventory Record,1000613,8,0,19,2,NULL,,,,000640,,06,2,0,,
527699Y,Full Inventory Record,1000614,3,0,18,1,NULL,,,,001220,,00,2,0,,
527709C,Full Inventory Record,1000615,8,0,19,2,NULL,,,,000240,,06,2,0,,
527710W,Full Inventory Record,1000616,8,0,19,2,NULL,,,,000070,,06,2,0,,
527707N,Full Inventory Record,1000617,8,0,19,2,NULL,,,,000090,,06,2,0,,
527708V,Full Inventory Record,1000618,8,0,19,2,NULL,,,,000010,,06,2,0,,
527705A,Full Inventory Record,1000619,8,0,19,2,NULL,,,,000180,,06,2,0,,
527706G,Full Inventory Record,1000620,3,0,16,2,NULL,,,,001970,,06,2,0,,
527720C,Full Inventory Record,1000621,8,0,19,2,NULL,,,,000230,,06,2,0,,
527713S,Full Inventory Record,1000622,8,0,19,2,NULL,,,,000380,,06,2,0,,
527570W,Full Inventory Record,1000623,8,1,19,2,NULL,,,,000030,,03,2,0,,
527497B,Full Inventory Record,1000625,8,0,19,2,NULL,,,,000130,,06,2,0,,
527500G,Full Inventory Record,1000626,8,0,19,2,NULL,,,,000340,,06,2,0,,
527498H,Full Inventory Record,1000627,8,0,19,2,NULL,,,,000120,,06,2,0,,
527577U,Full Inventory Record,1000628,3,1,17,2,NULL,,,,001860,,04,2,0,,
527583X,Full Inventory Record,1000629,8,0,19,2,NULL,,,,000580,,06,2,0,,
527585L,Full Inventory Record,1000630,3,0,17,2,NULL,,,,001420,,06,2,0,,
527584E,Full Inventory Record,1000631,8,0,19,2,NULL,,,,000070,,06,2,0,,
527589N,Full Inventory Record,1000632,8,0,19,2,NULL,,,,000080,,06,2,0,,
527576M,Full Inventory Record,1000633,8,1,19,2,NULL,,,,000100,,03,2,0,,
527573S,Full Inventory Record,1000634,8,1,19,2,NULL,,,,000020,,03,2,0,,
527596Y,Full Inventory Record,1000635,8,0,19,2,NULL,,,,000030,,06,2,0,,
527592W,Full Inventory Record,1000636,8,0,19,2,NULL,,,,000040,,06,2,0,,
527593D,Full Inventory Record,1000637,8,0,19,2,NULL,,,,001930,,06,2,0,,
527590H,Full Inventory Record,1000638,8,0,19,2,NULL,,,,000260,,06,2,0,,
524604D,Full Inventory Record,1000639,8,0,19,2,NULL,,,,000350,,06,2,0,,
524603W,Full Inventory Record,1000640,3,0,17,1,NULL,,,,001860,,04,2,0,,
524602P,Full Inventory Record,1000641,3,0,19,2,NULL,,,,000100,,06,2,0,,
524601H,Full Inventory Record,1000642,8,0,19,2,NULL,,,,000250,,06,2,0,,
524983F,Full Inventory Record,1000644,8,0,19,2,NULL,,,,000020,,06,2,0,,
524979R,Full Inventory Record,1000645,8,0,19,2,NULL,,,,000180,,06,2,0,,
524994T,Full Inventory Record,1000646,8,0,19,2,NULL,,,,000120,,06,2,0,,
524995A,Full Inventory Record,1000647,8,0,19,2,NULL,,,,000200,,06,2,0,,
524998V,Full Inventory Record,1000648,8,0,19,2,NULL,,,,000040,,06,2,0,,
525001J,Full Inventory Record,1000649,8,0,19,2,NULL,,,,000070,,06,2,0,,
524985U,Full Inventory Record,1000650,3,0,17,1,NULL,,,,001540,,04,2,0,,
525004E,Full Inventory Record,1000651,8,0,19,2,NULL,,,,000340,,06,2,0,,
525002R,Full Inventory Record,1000652,8,0,19,2,NULL,,,,001140,,06,2,0,,
524957R,Full Inventory Record,1000653,3,1,13,1,NULL,,,,016810,,04,2,0,,
525070S,Full Inventory Record,1000654,8,1,19,2,NULL,,,,017010,,03,2,0,,
525071Y,Full Inventory Record,1000655,8,1,19,2,NULL,,,,000060,,03,2,0,,
525072F,Full Inventory Record,1000656,3,1,13,2,NULL,,,,020270,,06,2,0,,
525073M,Full Inventory Record,1000657,3,1,16,2,NULL,,,,011270,,04,2,0,,
909818M,Full Inventory Record,996036,8,0,16,2,NULL,,,,000030,,10,2,0,,
413314N,Full Inventory Record,1001780,8,0,19,2,NULL,,,,002000,1988,03,2,0,,
413409W,Full Inventory Record,1001799,,,,,NULL,,,,,1970,,2,0,,
413407H,Full Inventory Record,1001802,,,,,NULL,,,,,1970,,2,0,,
413380B,Full Inventory Record,1001810,3,0,17,1,NULL,,,,043000,1981,04,2,0,,
413228S,Full Inventory Record,1001837,,,,,NULL,,,,,1970,,2,0,,
413233N,Full Inventory Record,1001840,,,,,NULL,,,,,1970,,2,0,,
413227K,Full Inventory Record,1001843,,,,,NULL,,,,,1970,,2,0,,
661994T,Full Inventory Record,1001876,8,1,19,2,NULL,,,,000500,,15,2,0,,
661993L,Full Inventory Record,1001877,8,1,19,2,NULL,,,,000500,,15,2,0,,
808574B,Full Inventory Record,1001879,,,,,NULL,,,,,,,2,0,,
755656H,Full Inventory Record,1001957,3,1,16,2,NULL,,,,015290,,05,2,0,,
763436H,Full Inventory Record,1001975,8,1,19,2,NULL,,,,009110,,05,2,0,,
763480V,Full Inventory Record,1001976,8,1,19,2,NULL,,,,002450,,04,2,0,,
763481C,Full Inventory Record,1001977,8,1,17,2,NULL,,,,010870,,05,2,0,,
763463E,Full Inventory Record,1001978,8,1,17,2,NULL,,,,003260,,04,2,0,,
741068J,Full Inventory Record,1001997,8,1,19,2,NULL,,,,001540,,04,2,0,,
529874U,Full Inventory Record,1002012,8,0,18,1,NULL,,,,001875,,09,2,0,,
529954M,Full Inventory Record,1002014,2,0,16,1,NULL,,,,003300,,15,2,0,,
529941L,Full Inventory Record,1002015,8,0,18,1,NULL,,,,001225,,06,2,0,,
529942T,Full Inventory Record,1002016,8,0,18,1,NULL,,,,001225,,06,2,0,,
529944G,Full Inventory Record,1002017,2,0,18,1,NULL,,,,007000,,18,2,0,,
529945N,Full Inventory Record,1002018,3,0,17,1,NULL,,,,002775,,07,2,0,,
529939K,Full Inventory Record,1002019,3,0,17,1,NULL,,,,002750,,13,2,0,,
529987A,Full Inventory Record,1002020,3,1,13,1,NULL,,,,011925,,19,2,0,,
529988G,Full Inventory Record,1002021,8,1,17,2,NULL,,,,002000,,15,2,0,,
529982R,Full Inventory Record,1002022,2,1,12,1,NULL,,,,021825,,14,2,0,,
529955U,Full Inventory Record,1002023,8,0,19,2,NULL,,,,000400,,03,2,0,,
529956B,Full Inventory Record,1002024,3,0,17,1,NULL,,,,006350,,17,2,0,,
529967N,Full Inventory Record,1002025,8,0,18,2,NULL,,,,000600,,10,2,0,,
529966G,Full Inventory Record,1002026,8,0,19,2,NULL,,,,000200,,06,2,0,,
529960R,Full Inventory Record,1002027,8,0,19,2,NULL,,,,000150,,06,2,0,,
529963L,Full Inventory Record,1002028,8,0,19,2,NULL,,,,000050,,02,2,0,,
529958P,Full Inventory Record,1002029,8,0,18,2,NULL,,,,001200,,09,2,0,,
529964T,Full Inventory Record,1002030,8,0,19,2,NULL,,,,000075,,04,2,0,,
529985L,Full Inventory Record,1002031,2,1,13,2,NULL,,,,008440,,20,2,0,,
529986T,Full Inventory Record,1002032,8,1,19,2,NULL,,,,000200,,02,2,0,,
529981J,Full Inventory Record,1002033,2,1,12,1,NULL,,,,021825,,14,2,0,,
529983X,Full Inventory Record,1002034,8,0,19,2,NULL,,,,001200,,10,2,0,,
529980C,Full Inventory Record,1002035,8,0,18,2,NULL,,,,003000,,10,2,0,,
529975F,Full Inventory Record,1002036,8,0,18,2,NULL,,,,000200,,07,2,0,,
529977U,Full Inventory Record,1002037,8,0,19,2,NULL,,,,000075,,02,2,0,,
529972K,Full Inventory Record,1002038,8,0,19,2,NULL,,,,000300,,07,2,0,,
069647S,Full Inventory Record,1002039,3,1,17,2,NULL,,,,000950,,01,2,0,,
069648Y,Full Inventory Record,1002040,,,,,NULL,,,,,,,2,0,,
069649F,Full Inventory Record,1002041,,,,,NULL,,,,,,,2,0,,
502437V,Full Inventory Record,1002042,8,0,18,2,NULL,,,,000121,,05,2,0,,
502432L,Full Inventory Record,1002043,8,0,18,2,NULL,,,,000266,,07,2,0,,
516208S,Full Inventory Record,1002044,2,0,16,1,NULL,,,,002100,,10,2,0,,
516209Y,Full Inventory Record,1002045,8,0,19,1,NULL,,,,000550,,06,2,0,,
516221F,Full Inventory Record,1002046,8,0,19,2,NULL,,,,000088,,05,2,0,,
516233A,Full Inventory Record,1002047,8,0,19,2,NULL,,,,000115,,06,2,0,,
516230E,Full Inventory Record,1002048,2,0,16,1,NULL,,,,003100,,15,2,0,,
516227W,Full Inventory Record,1002049,3,0,17,1,NULL,,,,001400,,12,2,0,,
516234G,Full Inventory Record,1002050,8,0,18,2,NULL,,,,000151,,08,2,0,,
516235N,Full Inventory Record,1002051,3,0,17,1,NULL,,,,002275,,16,2,0,,
516239R,Full Inventory Record,1002052,8,0,18,2,NULL,,,,000451,,07,2,0,,
797489C,Full Inventory Record,1001542,,,,,NULL,,,,,1970,,2,0,,
797491D,Full Inventory Record,1001543,,,,,NULL,,,,,1970,,2,0,,
797480R,Full Inventory Record,1001544,,,,,NULL,,,,,1970,,2,0,,
797479W,Full Inventory Record,1001545,8,0,19,2,NULL,,,,000020,1988,04,2,0,,
797478P,Full Inventory Record,1001546,8,0,19,2,NULL,,,,000100,1988,04,2,0,,
797473F,Full Inventory Record,1001547,,,,,NULL,,,,,1970,,2,0,,
797476B,Full Inventory Record,1001548,,,,,NULL,,,,,1970,,2,0,,
797475U,Full Inventory Record,1001549,8,0,19,2,NULL,,,,000020,1988,04,2,0,,
797474M,Full Inventory Record,1001550,,,,,NULL,,,,,1970,,2,0,,
797481X,Full Inventory Record,1001551,,,,,NULL,,,,,1970,,2,0,,
797482E,Full Inventory Record,1001552,,,,,NULL,,,,,1970,,2,0,,
797514H,Full Inventory Record,1001553,8,0,19,2,NULL,,,,000700,1988,06,2,0,,
797517D,Full Inventory Record,1001554,8,0,19,2,NULL,,,,000500,1988,06,2,0,,
797516W,Full Inventory Record,1001555,8,0,19,2,NULL,,,,000100,1988,05,2,0,,
797518K,Full Inventory Record,1001556,,,,,NULL,,,,,1970,,2,0,,
797519S,Full Inventory Record,1001557,,,,,NULL,,,,,1970,,2,0,,
797520L,Full Inventory Record,1001558,,,,,NULL,,,,,1970,,2,0,,
797521T,Full Inventory Record,1001559,8,0,19,2,NULL,,,,000020,1988,05,2,0,,
797524N,Full Inventory Record,1001560,,,,,NULL,,,,,1970,,2,0,,
797526C,Full Inventory Record,1001561,8,0,19,2,NULL,,,,000020,1988,05,2,0,,
797525V,Full Inventory Record,1001562,,,,,NULL,,,,,1970,,2,0,,
797536H,Full Inventory Record,1001563,8,0,19,2,NULL,,,,000050,1988,06,2,0,,
797534U,Full Inventory Record,1001564,8,0,19,2,NULL,,,,000050,1988,06,2,0,,
797533M,Full Inventory Record,1001565,8,0,19,2,NULL,,,,000050,1988,06,2,0,,
797532F,Full Inventory Record,1001566,,,,,NULL,,,,,1970,,2,0,,
797531Y,Full Inventory Record,1001567,8,0,19,2,NULL,,,,000010,1988,10,2,0,,
797530S,Full Inventory Record,1001568,8,0,17,2,NULL,,,,000100,1988,05,2,0,,
797529X,Full Inventory Record,1001569,8,0,19,2,NULL,,,,000100,1988,05,2,0,,
797528R,Full Inventory Record,1001570,8,0,19,2,NULL,,,,000100,1988,05,2,0,,
797527J,Full Inventory Record,1001571,,,,,NULL,,,,,1970,,2,0,,
082976W,Full Inventory Record,1001588,8,1,19,2,NULL,,,,000100,,05,2,0,,
082805V,Full Inventory Record,1001589,,,,,NULL,,,,,,,2,0,,
425734C,Full Inventory Record,1001611,8,1,16,2,NULL,,,,000030,,06,2,0,,
090647T,Full Inventory Record,1001617,,,,,NULL,,,,,,,2,0,,
090648A,Full Inventory Record,1001618,,,,,NULL,,,,,,,2,0,,
090645E,Full Inventory Record,1001619,,,,,NULL,,,,,,,2,0,,
090643R,Full Inventory Record,1001620,,,,,NULL,,,,,,,2,0,,
090644X,Full Inventory Record,1001621,,,,,NULL,,,,,,,2,0,,
090646L,Full Inventory Record,1001622,,,,,NULL,,,,,,,2,0,,
090649G,Full Inventory Record,1001623,,,,,NULL,,,,,,,2,0,,
070041V,Full Inventory Record,1001627,,,,,NULL,,,,,,,2,0,,
070040N,Full Inventory Record,1001628,,,,,NULL,,,,,,,2,0,,
070039U,Full Inventory Record,1001629,,,,,NULL,,,,,,,2,0,,
080078M,Full Inventory Record,1001631,8,1,16,2,NULL,,,,002900,,01,2,0,,
080076Y,Full Inventory Record,1001632,,,,,NULL,,,,,,,2,0,,
080074K,Full Inventory Record,1001633,,,,,NULL,,,,,,,2,0,,
080070H,Full Inventory Record,1001634,8,1,19,2,NULL,,,,000050,,05,2,0,,
080068G,Full Inventory Record,1001635,8,1,19,2,NULL,,,,000050,,01,2,0,,
080069N,Full Inventory Record,1001636,,,,,NULL,,,,,,,2,0,,
080077F,Full Inventory Record,1001637,,,,,NULL,,,,,,,2,0,,
080079U,Full Inventory Record,1001638,,,,,NULL,,,,,,,2,0,,
079963S,Full Inventory Record,1001639,8,1,19,2,NULL,,,,000630,,05,2,0,,
538982P,Full Inventory Record,1001655,8,0,19,2,NULL,,,,000250,,06,2,0,,
538979G,Full Inventory Record,1001656,8,0,19,2,NULL,,,,000250,,06,2,0,,
600504G,Full Inventory Record,1001658,3,1,17,2,NULL,,,,002890,,08,2,0,,
597051K,Full Inventory Record,1001662,8,0,19,2,NULL,,,,000900,1986,05,2,0,,
597052S,Full Inventory Record,1001663,8,0,19,2,NULL,,,,000200,1986,06,2,0,,
596927W,Full Inventory Record,1001665,,,,,NULL,,,,,1970,,2,0,,
596878C,Full Inventory Record,1001694,,,,,NULL,,,,,1970,,2,0,,
524870A,Full Inventory Record,1000660,8,1,19,2,NULL,,,,001800,,06,2,0,,
524847F,Full Inventory Record,1000662,2,1,17,1,NULL,,,,000580,,11,2,0,,
524844K,Full Inventory Record,1000663,8,1,19,2,NULL,,,,006600,,06,2,0,,
524760P,Full Inventory Record,1000664,8,1,19,2,NULL,,,,000050,,06,2,0,,
524764S,Full Inventory Record,1000665,2,1,13,1,NULL,,,,000170,,06,2,0,,
524774X,Full Inventory Record,1000666,8,1,19,2,NULL,,,,000240,,06,2,0,,
525824C,Full Inventory Record,1000667,3,1,16,1,NULL,,,,003210,,05,2,0,,
525821G,Full Inventory Record,1000669,8,0,19,2,NULL,,,,000350,,06,2,0,,
525823V,Full Inventory Record,1000670,8,1,19,2,NULL,,,,000080,,06,2,0,,
525812H,Full Inventory Record,1000671,8,0,19,2,NULL,,,,000360,,06,2,0,,
525808T,Full Inventory Record,1000672,8,0,19,2,NULL,,,,000140,,06,2,0,,
525811B,Full Inventory Record,1000673,8,0,19,2,NULL,,,,000070,,06,2,0,,
525810U,Full Inventory Record,1000674,8,0,19,2,NULL,,,,000080,,06,2,0,,
525805X,Full Inventory Record,1000675,8,0,19,2,NULL,,,,000010,,06,2,0,,
525806E,Full Inventory Record,1000676,8,0,19,2,NULL,,,,000110,,06,2,0,,
525803J,Full Inventory Record,1000677,8,0,19,2,NULL,,,,000100,,06,2,0,,
525775H,Full Inventory Record,1000678,8,0,19,2,NULL,,,,000210,,06,2,0,,
525774B,Full Inventory Record,1000679,8,0,19,2,NULL,,,,000210,,06,2,0,,
525781L,Full Inventory Record,1000680,8,0,19,2,NULL,,,,000100,,06,2,0,,
525779K,Full Inventory Record,1000681,8,0,19,2,NULL,,,,000620,,06,2,0,,
525782T,Full Inventory Record,1000682,8,0,19,2,NULL,,,,000010,,06,2,0,,
525792Y,Full Inventory Record,1000683,8,0,19,2,NULL,,,,000120,,06,2,0,,
525791S,Full Inventory Record,1000684,8,0,19,2,NULL,,,,000110,,06,2,0,,
525790K,Full Inventory Record,1000685,8,0,19,2,NULL,,,,000070,,06,2,0,,
525789R,Full Inventory Record,1000686,8,0,18,2,NULL,,,,000110,,06,2,0,,
525801V,Full Inventory Record,1000687,8,0,18,2,NULL,,,,000250,,06,2,0,,
525800N,Full Inventory Record,1000688,3,0,18,1,NULL,,,,001630,,05,2,0,,
525796B,Full Inventory Record,1000689,8,0,19,2,NULL,,,,000430,,06,2,0,,
525795U,Full Inventory Record,1000690,8,0,18,2,NULL,,,,000070,,06,2,0,,
525793F,Full Inventory Record,1000691,8,0,19,2,NULL,,,,000270,,06,2,0,,
525794M,Full Inventory Record,1000692,2,0,16,1,NULL,,,,003710,,00,2,0,,
525788J,Full Inventory Record,1000693,8,0,19,2,NULL,,,,000050,,06,2,0,,
525474M,Full Inventory Record,1000694,8,0,19,2,NULL,,,,000160,,06,2,0,,
525452M,Full Inventory Record,1000695,8,0,19,2,NULL,,,,000100,,06,2,0,,
525453U,Full Inventory Record,1000696,2,0,16,1,NULL,,,,004310,,01,2,0,,
525451F,Full Inventory Record,1000697,8,0,19,2,NULL,,,,000300,,06,2,0,,
525446J,Full Inventory Record,1000698,8,0,19,2,NULL,,,,000250,,06,2,0,,
525443N,Full Inventory Record,1000699,8,0,19,2,NULL,,,,000200,,06,2,0,,
525457W,Full Inventory Record,1000700,8,0,19,2,NULL,,,,000410,,06,2,0,,
525456P,Full Inventory Record,1000701,8,0,19,2,NULL,,,,000110,,06,2,0,,
525440T,Full Inventory Record,1000707,3,0,17,1,NULL,,,,004630,,05,2,0,,
525441A,Full Inventory Record,1000708,8,0,19,2,NULL,,,,000570,,06,2,0,,
525368E,Full Inventory Record,1000716,3,0,19,2,NULL,,,,000920,,06,2,0,,
525365J,Full Inventory Record,1000717,8,0,19,2,NULL,,,,000340,,06,2,0,,
525364C,Full Inventory Record,1000718,8,0,19,2,NULL,,,,000940,,06,2,0,,
525363V,Full Inventory Record,1000719,8,0,19,2,NULL,,,,000110,,06,2,0,,
525412P,Full Inventory Record,1000720,8,0,19,2,NULL,,,,000040,,06,2,0,,
525413W,Full Inventory Record,1000721,8,0,19,2,NULL,,,,000170,,06,2,0,,
525416S,Full Inventory Record,1000722,8,0,19,2,NULL,,,,000060,,06,2,0,,
525417Y,Full Inventory Record,1000723,8,0,19,2,NULL,,,,000250,,06,2,0,,
525408A,Full Inventory Record,1000724,8,0,19,2,NULL,,,,000020,,06,2,0,,
525315F,Full Inventory Record,1000725,8,1,19,2,NULL,,,,002670,,06,2,0,,
525321J,Full Inventory Record,1000726,8,1,19,2,NULL,,,,000050,,03,2,0,,
525325L,Full Inventory Record,1000727,8,1,16,2,NULL,,,,006650,,06,2,0,,
525329N,Full Inventory Record,1000728,8,1,19,2,NULL,,,,005140,,06,2,0,,
525330H,Full Inventory Record,1000729,8,1,19,2,NULL,,,,002860,,06,2,0,,
525360A,Full Inventory Record,1000730,8,0,19,2,NULL,,,,000260,,06,2,0,,
812917M,Full Inventory Record,998124,2,0,16,1,NULL,,,,001470,,07,2,0,,
812915Y,Full Inventory Record,998126,8,0,19,2,NULL,,,,000270,,03,2,0,,
812916F,Full Inventory Record,998127,8,0,19,2,NULL,,,,000370,,02,2,0,,
812621N,Full Inventory Record,998140,,,,,NULL,,,,,,,2,0,,
812617Y,Full Inventory Record,998147,,,,,NULL,,,,,,,2,0,,
812597P,Full Inventory Record,998148,,,,,NULL,,,,,,,2,0,,
720906U,Full Inventory Record,998170,8,0,19,2,NULL,,,,000025,,05,2,0,,
095868M,Full Inventory Record,1002410,8,0,19,2,NULL,,,,000140,,04,2,0,,
095867F,Full Inventory Record,1002411,8,0,19,2,NULL,,,,000180,,04,2,0,,
347263A,Full Inventory Record,1002432,8,0,19,2,NULL,,,,000200,,11,2,0,,
307105R,Full Inventory Record,1002435,8,1,16,2,NULL,,,,001025,,07,2,0,,
245094G,Full Inventory Record,1002549,8,0,18,2,NULL,,,,000100,,00,2,0,,
344542K,Full Inventory Record,1002555,8,0,19,2,NULL,,,,000030,1989,09,2,0,,
877246W,Full Inventory Record,1002571,8,0,19,2,NULL,,,,004000,,12,2,0,,
347264G,Full Inventory Record,1002609,,,,,NULL,,,,,,,2,0,,
347265N,Full Inventory Record,1002610,,,,,NULL,,,,,,,2,0,,
347261L,Full Inventory Record,1002611,8,0,19,2,NULL,,,,000100,,11,2,0,,
347262T,Full Inventory Record,1002612,8,0,18,1,NULL,,,,000339,,02,2,0,,
076239Y,Full Inventory Record,1002626,8,0,19,2,NULL,,,,000005,,10,2,0,,
698965N,Full Inventory Record,1002688,,,,,NULL,,,,,,,2,0,,
844081J,Full Inventory Record,1002692,8,0,19,2,NULL,,,,000030,,02,2,0,,
844082R,Full Inventory Record,1002693,8,0,19,2,NULL,,,,000260,,05,2,0,,
844083X,Full Inventory Record,1002694,8,0,19,2,NULL,,,,000405,,05,2,0,,
844085L,Full Inventory Record,1002695,,,,,NULL,,,,,,,2,0,,
844084E,Full Inventory Record,1002696,8,0,19,2,NULL,,,,000050,,03,2,0,,
844093D,Full Inventory Record,1002697,,,,,NULL,,,,,,,2,0,,
844092W,Full Inventory Record,1002698,,,,,NULL,,,,,,,2,0,,
844091P,Full Inventory Record,1002699,,,,,NULL,,,,,,,2,0,,
844090H,Full Inventory Record,1002700,,,,,NULL,,,,,,,2,0,,
844089N,Full Inventory Record,1002701,,,,,NULL,,,,,,,2,0,,
844088G,Full Inventory Record,1002702,,,,,NULL,,,,,,,2,0,,
844087A,Full Inventory Record,1002703,,,,,NULL,,,,,,,2,0,,
844086T,Full Inventory Record,1002704,,,,,NULL,,,,,,,2,0,,
844096Y,Full Inventory Record,1002705,,,,,NULL,,,,,,,2,0,,
844095S,Full Inventory Record,1002706,,,,,NULL,,,,,,,2,0,,
844094K,Full Inventory Record,1002707,,,,,NULL,,,,,,,2,0,,
844078B,Full Inventory Record,1002708,8,0,19,2,NULL,,,,000440,,05,2,0,,
844079H,Full Inventory Record,1002709,,,,,NULL,,,,,,,2,0,,
844097F,Full Inventory Record,1002795,,,,,NULL,,,,,,,2,0,,
844098M,Full Inventory Record,1002796,2,0,17,1,NULL,,,,003910,,13,2,0,,
844099U,Full Inventory Record,1002797,8,0,19,2,NULL,,,,000285,,05,2,0,,
844100L,Full Inventory Record,1002798,,,,,NULL,,,,,,,2,0,,
844108R,Full Inventory Record,1002799,,,,,NULL,,,,,,,2,0,,
844107J,Full Inventory Record,1002800,,,,,NULL,,,,,,,2,0,,
844106C,Full Inventory Record,1002801,,,,,NULL,,,,,,,2,0,,
844105V,Full Inventory Record,1002802,,,,,NULL,,,,,,,2,0,,
844104N,Full Inventory Record,1002803,,,,,NULL,,,,,,,2,0,,
844103G,Full Inventory Record,1002804,,,,,NULL,,,,,,,2,0,,
844102A,Full Inventory Record,1002805,,,,,NULL,,,,,,,2,0,,
844101T,Full Inventory Record,1002806,,,,,NULL,,,,,,,2,0,,
844109X,Full Inventory Record,1002807,2,0,17,1,NULL,,,,004695,,13,2,0,,
007171A,Full Inventory Record,1002834,3,0,17,2,NULL,,,,000570,,10,2,0,,
007733T,Full Inventory Record,1002835,8,0,19,2,NULL,,,,000030,,08,2,0,,
007731E,Full Inventory Record,1002836,8,0,19,2,NULL,,,,000035,,08,2,0,,
007734A,Full Inventory Record,1002837,3,0,17,2,NULL,,,,000180,,10,2,0,,
007736N,Full Inventory Record,1002838,8,0,19,2,NULL,,,,000030,,08,2,0,,
007740D,Full Inventory Record,1002839,8,0,18,2,NULL,,,,000030,,08,2,0,,
007745M,Full Inventory Record,1002840,8,0,18,2,NULL,,,,000050,,08,2,0,,
007744F,Full Inventory Record,1002841,3,0,17,1,NULL,,,,000450,,16,2,0,,
525361G,Full Inventory Record,1000731,8,0,19,2,NULL,,,,000120,,06,2,0,,
525362N,Full Inventory Record,1000732,8,0,19,2,NULL,,,,001570,,06,2,0,,
523305T,Full Inventory Record,1000735,8,0,19,2,NULL,,,,000390,,06,2,0,,
523306A,Full Inventory Record,1000736,8,0,19,2,NULL,,,,000630,,06,2,0,,
523293B,Full Inventory Record,1000737,3,1,19,2,NULL,,,,001190,,06,2,0,,
523307G,Full Inventory Record,1000738,8,0,19,2,NULL,,,,000400,,06,2,0,,
523283V,Full Inventory Record,1000739,3,1,13,1,NULL,,,,004650,,03,2,0,,
523282N,Full Inventory Record,1000740,3,1,13,1,NULL,,,,003550,,03,2,0,,
523294H,Full Inventory Record,1000741,8,1,19,2,NULL,,,,000760,,06,2,0,,
523295P,Full Inventory Record,1000742,3,1,17,2,NULL,,,,001620,,06,2,0,,
523301R,Full Inventory Record,1000743,8,1,19,2,NULL,,,,001720,,06,2,0,,
523297D,Full Inventory Record,1000744,3,1,19,2,NULL,,,,004640,,06,2,0,,
523304L,Full Inventory Record,1000745,2,0,16,1,NULL,,,,004520,,08,2,0,,
523303E,Full Inventory Record,1000746,3,0,13,2,NULL,,,,003320,,06,2,0,,
523285J,Full Inventory Record,1000747,8,1,19,2,NULL,,,,000030,,06,2,0,,
523284C,Full Inventory Record,1000748,8,1,19,2,NULL,,,,003240,,06,2,0,,
523292U,Full Inventory Record,1000749,8,1,19,2,NULL,,,,001510,,06,2,0,,
523291M,Full Inventory Record,1000750,8,1,19,2,NULL,,,,001470,,06,2,0,,
523412H,Full Inventory Record,1000752,8,1,16,2,NULL,,,,014090,,06,2,0,,
523407L,Full Inventory Record,1000753,8,1,19,2,NULL,,,,012580,,06,2,0,,
523408T,Full Inventory Record,1000754,8,1,16,2,NULL,,,,016560,,06,2,0,,
523432U,Full Inventory Record,1000755,8,0,19,2,NULL,,,,000100,,06,2,0,,
523431M,Full Inventory Record,1000756,8,0,19,2,NULL,,,,000060,,06,2,0,,
523433B,Full Inventory Record,1000757,8,0,19,2,NULL,,,,000350,,06,2,0,,
523436W,Full Inventory Record,1000758,8,0,19,2,NULL,,,,000280,,06,2,0,,
523435P,Full Inventory Record,1000759,8,0,18,1,NULL,,,,000780,,07,2,0,,
523361A,Full Inventory Record,1000760,3,0,19,2,NULL,,,,000630,,06,2,0,,
523396B,Full Inventory Record,1000761,3,1,16,2,NULL,,,,018240,,04,2,0,,
523395U,Full Inventory Record,1000762,8,1,17,2,NULL,,,,006090,,06,2,0,,
523392Y,Full Inventory Record,1000763,3,1,16,2,NULL,,,,009490,,05,2,0,,
523391S,Full Inventory Record,1000764,8,1,16,2,NULL,,,,010800,,06,2,0,,
523393F,Full Inventory Record,1000765,8,1,17,2,NULL,,,,011490,,06,2,0,,
523399W,Full Inventory Record,1000766,8,1,19,2,NULL,,,,008610,,03,2,0,,
523400N,Full Inventory Record,1000767,8,1,19,2,NULL,,,,001460,,03,2,0,,
523398P,Full Inventory Record,1000768,8,1,19,2,NULL,,,,001110,,03,2,0,,
523402C,Full Inventory Record,1000769,8,1,17,2,NULL,,,,000530,,06,2,0,,
523401V,Full Inventory Record,1000770,3,1,13,2,NULL,,,,023710,,06,2,0,,
523405X,Full Inventory Record,1000771,8,1,19,2,NULL,,,,010670,,06,2,0,,
523403J,Full Inventory Record,1000772,8,1,16,2,NULL,,,,009780,,06,2,0,,
523367R,Full Inventory Record,1000773,8,0,18,2,NULL,,,,000260,,06,2,0,,
523368X,Full Inventory Record,1000774,3,0,19,2,NULL,,,,001280,,06,2,0,,
523369E,Full Inventory Record,1000775,8,0,19,2,NULL,,,,000030,,06,2,0,,
523364V,Full Inventory Record,1000776,8,0,19,2,NULL,,,,000370,,06,2,0,,
523365C,Full Inventory Record,1000777,8,0,19,2,NULL,,,,000190,,06,2,0,,
523366J,Full Inventory Record,1000778,3,0,17,1,NULL,,,,002630,,06,2,0,,
523363N,Full Inventory Record,1000779,8,0,19,2,NULL,,,,000030,,06,2,0,,
523377W,Full Inventory Record,1000780,8,0,18,2,NULL,,,,000270,,07,2,0,,
523379K,Full Inventory Record,1000781,2,0,16,1,NULL,,,,002800,,01,2,0,,
523381L,Full Inventory Record,1000782,8,0,19,2,NULL,,,,000250,,06,2,0,,
523375H,Full Inventory Record,1000783,8,0,19,2,NULL,,,,000150,,06,2,0,,
523373U,Full Inventory Record,1000784,3,0,19,2,NULL,,,,000240,,06,2,0,,
523371F,Full Inventory Record,1000785,8,0,19,2,NULL,,,,000220,,06,2,0,,
523543L,Full Inventory Record,1000786,8,0,19,2,NULL,,,,000220,,05,2,0,,
523541X,Full Inventory Record,1000787,8,1,19,2,NULL,,,,000070,,03,2,0,,
523540R,Full Inventory Record,1000788,2,0,13,1,NULL,,,,003870,,21,2,0,,
523536B,Full Inventory Record,1000789,8,0,19,2,NULL,,,,000230,,05,2,0,,
523550W,Full Inventory Record,1000790,8,0,19,2,NULL,,,,000130,,05,2,0,,
516241S,Full Inventory Record,1002053,8,0,19,2,NULL,,,,000365,,04,2,0,,
516245U,Full Inventory Record,1002054,3,0,17,1,NULL,,,,001600,,16,2,0,,
516242Y,Full Inventory Record,1002055,8,0,19,2,NULL,,,,000071,,06,2,0,,
539749J,Full Inventory Record,1002086,3,0,17,1,NULL,,,,001500,,50,2,0,,
539753Y,Full Inventory Record,1002087,8,0,19,2,NULL,,,,000250,,30,2,0,,
539752S,Full Inventory Record,1002088,8,0,19,2,NULL,,,,000250,,30,2,0,,
539754F,Full Inventory Record,1002089,3,0,17,2,NULL,,,,001469,,30,2,0,,
539737P,Full Inventory Record,1002090,8,0,19,2,NULL,,,,000250,,06,2,0,,
539736H,Full Inventory Record,1002091,3,0,16,1,NULL,,,,002610,,14,2,0,,
539735B,Full Inventory Record,1002092,,,,,NULL,,,,,,,2,0,,
539738W,Full Inventory Record,1002093,8,0,19,2,NULL,,,,000500,,30,2,0,,
539740X,Full Inventory Record,1002094,8,0,19,2,NULL,,,,000250,,30,2,0,,
539741E,Full Inventory Record,1002095,,,,,NULL,,,,,,,2,0,,
539744A,Full Inventory Record,1002096,8,0,19,2,NULL,,,,000250,,30,2,0,,
539743T,Full Inventory Record,1002097,,,,,NULL,,,,,,,2,0,,
539739D,Full Inventory Record,1002098,,,,,NULL,,,,,,,2,0,,
539742L,Full Inventory Record,1002099,,,,,NULL,,,,,,,2,0,,
